dir,RSEED,sigmaobs,nobs,mae,acc
/pine/scr/s/i/siyangj/DAL96/MLmodels/m1535563646.488.h5,215.0,0.9,2000.0,3.4679843521118165,0.85
/pine/scr/s/i/siyangj/DAL96/MLmodels/m1535563925.290.h5,217.0,0.5,2000.0,3.4737864685058595,0.845
/pine/scr/s/i/siyangj/DAL96/MLmodels/m1535563925.290.h5,217.0,0.3,2000.0,3.485398654937744,0.86
/pine/scr/s/i/siyangj/DAL96/MLmodels/m1535563925.290.h5,217.0,0.9,2000.0,3.562865781784057,0.8175
/pine/scr/s/i/siyangj/DAL96/MLmodels/m1535563925.290.h5,217.0,0.1,2000.0,3.4314228439331056,0.87
/pine/scr/s/i/siyangj/DAL96/MLmodels/m1535563925.290.h5,217.0,0.4,2000.0,3.412648200988768,0.8525
/pine/scr/s/i/siyangj/DAL96/MLmodels/m1535563925.290.h5,217.0,0.0,2000.0,3.4493814277648926,0.8775
/pine/scr/s/i/siyangj/DAL96/MLmodels/m1535563925.290.h5,217.0,0.2,2000.0,3.4743951988220214,0.86
/pine/scr/s/i/siyangj/DAL96/MLmodels/m1535563925.290.h5,217.0,0.7,2000.0,3.54557186126709,0.84
/pine/scr/s/i/siyangj/DAL96/MLmodels/m1535563925.290.h5,216.0,2.0,2000.0,3.9326007843017576,0.79
/pine/scr/s/i/siyangj/DAL96/MLmodels/m1535563925.290.h5,217.0,0.8,2000.0,3.6134916019439696,0.8425
/pine/scr/s/i/siyangj/DAL96/MLmodels/m1535563925.290.h5,217.0,0.6,2000.0,3.5031711864471435,0.85
/pine/scr/s/i/siyangj/DAL96/MLmodels/m1535563925.290.h5,216.0,1.9,2000.0,3.9628914070129393,0.8025
/pine/scr/s/i/siyangj/DAL96/MLmodels/m1535563959.907.h5,217.0,1.7,2000.0,3.867518482208252,0.8425
/pine/scr/s/i/siyangj/DAL96/MLmodels/m1535563959.988.h5,218.0,0.0,2000.0,3.3445294857025147,0.84
/pine/scr/s/i/siyangj/DAL96/MLmodels/m1535563959.907.h5,217.0,1.5,2000.0,3.7445329284667968,0.82
/pine/scr/s/i/siyangj/DAL96/MLmodels/m1535563959.874.h5,217.0,1.1,2000.0,3.628100700378418,0.84
/pine/scr/s/i/siyangj/DAL96/MLmodels/m1535563959.988.h5,217.0,2.0,2000.0,3.9250892448425287,0.8225
/pine/scr/s/i/siyangj/DAL96/MLmodels/m1535563960.433.h5,217.0,1.2,2000.0,3.661341171264648,0.83
/pine/scr/s/i/siyangj/DAL96/MLmodels/m1535563959.907.h5,217.0,1.4,2000.0,3.702512559890747,0.8175
/pine/scr/s/i/siyangj/DAL96/MLmodels/m1535563960.468.h5,217.0,1.6,2000.0,3.757219409942627,0.835
/pine/scr/s/i/siyangj/DAL96/MLmodels/m1535563959.989.h5,217.0,1.8,2000.0,3.914905662536621,0.85
/pine/scr/s/i/siyangj/DAL96/MLmodels/m1535563917.806.h5,215.0,0.0,2000.0,3.3569891548156736,0.8825
/pine/scr/s/i/siyangj/DAL96/MLmodels/m1535563925.290.h5,215.0,0.1,2000.0,3.363903398513794,0.88
/pine/scr/s/i/siyangj/DAL96/MLmodels/m1535563925.290.h5,215.0,0.3,2000.0,3.379260501861572,0.87
/pine/scr/s/i/siyangj/DAL96/MLmodels/m1535563925.290.h5,216.0,1.0,2000.0,3.7523811054229737,0.8075
/pine/scr/s/i/siyangj/DAL96/MLmodels/m1535563925.290.h5,215.0,0.7,2000.0,3.4217515087127683,0.8575
/pine/scr/s/i/siyangj/DAL96/MLmodels/m1535563925.290.h5,216.0,1.8,2000.0,4.070179481506346,0.805
/pine/scr/s/i/siyangj/DAL96/MLmodels/m1535563925.290.h5,216.0,1.4,2000.0,3.9541289329528815,0.83
/pine/scr/s/i/siyangj/DAL96/MLmodels/m1535563925.290.h5,216.0,0.6,2000.0,3.6282923126220714,0.82
/pine/scr/s/i/siyangj/DAL96/MLmodels/m1535563925.290.h5,215.0,1.5,2000.0,3.640923261642456,0.8325
/pine/scr/s/i/siyangj/DAL96/MLmodels/m1535563925.290.h5,215.0,1.7,2000.0,3.6978656387329103,0.8325
/pine/scr/s/i/siyangj/DAL96/MLmodels/m1535563925.290.h5,215.0,1.9,2000.0,3.7830041313171385,0.825
/pine/scr/s/i/siyangj/DAL96/MLmodels/m1535563925.290.h5,216.0,0.2,2000.0,3.764963779449463,0.8625
/pine/scr/s/i/siyangj/DAL96/MLmodels/m1535563925.290.h5,215.0,1.1,2000.0,3.5131598281860352,0.85
/pine/scr/s/i/siyangj/DAL96/MLmodels/m1535563925.290.h5,216.0,0.0,2000.0,3.7509593868255617,0.8775
/pine/scr/s/i/siyangj/DAL96/MLmodels/m1535563925.290.h5,215.0,0.5,2000.0,3.395085573196411,0.8675
/pine/scr/s/i/siyangj/DAL96/MLmodels/m1535563925.290.h5,215.0,1.0,2000.0,3.5088689327239986,0.845
/pine/scr/s/i/siyangj/DAL96/MLmodels/m1535563925.290.h5,215.0,0.2,2000.0,3.37007532119751,0.875
/pine/scr/s/i/siyangj/DAL96/MLmodels/m1535563925.290.h5,216.0,0.5,2000.0,3.5828497505187986,0.8275
/pine/scr/s/i/siyangj/DAL96/MLmodels/m1535563925.290.h5,216.0,0.4,2000.0,3.75622085571289,0.86
/pine/scr/s/i/siyangj/DAL96/MLmodels/m1535563925.290.h5,216.0,0.8,2000.0,3.6762363243103033,0.815
/pine/scr/s/i/siyangj/DAL96/MLmodels/m1535563925.290.h5,216.0,1.6,2000.0,3.922553997039795,0.8075
/pine/scr/s/i/siyangj/DAL96/MLmodels/m1535563925.290.h5,216.0,1.3,2000.0,4.000088806152344,0.8275
/pine/scr/s/i/siyangj/DAL96/MLmodels/m1535563925.290.h5,215.0,1.4,2000.0,3.617225379943848,0.8425
/pine/scr/s/i/siyangj/DAL96/MLmodels/m1535563925.290.h5,215.0,1.8,2000.0,3.752867774963379,0.825
/pine/scr/s/i/siyangj/DAL96/MLmodels/m1535563925.290.h5,216.0,1.1,2000.0,3.85262321472168,0.8275
/pine/scr/s/i/siyangj/DAL96/MLmodels/m1535563925.290.h5,216.0,0.1,2000.0,3.8295497608184816,0.835
/pine/scr/s/i/siyangj/DAL96/MLmodels/m1535563925.290.h5,215.0,0.9,2000.0,3.473413181304932,0.8525
/pine/scr/s/i/siyangj/DAL96/MLmodels/m1535563925.290.h5,215.0,0.8,2000.0,3.4558745193481446,0.855
/pine/scr/s/i/siyangj/DAL96/MLmodels/m1535563925.290.h5,215.0,0.4,2000.0,3.3435824394226072,0.8625
/pine/scr/s/i/siyangj/DAL96/MLmodels/m1535563998.143.h5,218.0,0.4,2000.0,3.225753736495972,0.8725
/pine/scr/s/i/siyangj/DAL96/MLmodels/m1535563998.334.h5,218.0,0.8,2000.0,3.3065666770935063,0.8475
/pine/scr/s/i/siyangj/DAL96/MLmodels/m1535563998.143.h5,218.0,0.2,2000.0,3.304477195739746,0.8425
/pine/scr/s/i/siyangj/DAL96/MLmodels/m1535563998.334.h5,218.0,0.7,2000.0,3.2833128547668458,0.845
/pine/scr/s/i/siyangj/DAL96/MLmodels/m1535563998.334.h5,218.0,0.5,2000.0,3.2540754508972167,0.8425
/pine/scr/s/i/siyangj/DAL96/MLmodels/m1535563998.322.h5,218.0,1.2,2000.0,3.5085292053222656,0.8225
/pine/scr/s/i/siyangj/DAL96/MLmodels/m1535563998.322.h5,218.0,1.0,2000.0,3.359039478302002,0.8275
/pine/scr/s/i/siyangj/DAL96/MLmodels/m1535563998.322.h5,218.0,1.1,2000.0,3.3969526290893555,0.85
/pine/scr/s/i/siyangj/DAL96/MLmodels/m1535563998.322.h5,218.0,0.9,2000.0,3.372780590057373,0.845
/pine/scr/s/i/siyangj/DAL96/MLmodels/m1535564032.971.h5,219.0,1.6,2000.0,3.496639347076416,0.8475
/pine/scr/s/i/siyangj/DAL96/MLmodels/m1535564032.995.h5,219.0,2.0,2000.0,3.682302684783936,0.82
/pine/scr/s/i/siyangj/DAL96/MLmodels/m1535564032.971.h5,219.0,1.5,2000.0,3.4818714904785155,0.845
/pine/scr/s/i/siyangj/DAL96/MLmodels/m1535564032.995.h5,219.0,1.9,2000.0,3.6301933860778814,0.8275
/pine/scr/s/i/siyangj/DAL96/MLmodels/m1535564032.995.h5,219.0,1.8,2000.0,3.616926383972168,0.845
/pine/scr/s/i/siyangj/DAL96/MLmodels/m1535564032.971.h5,219.0,1.4,2000.0,3.473242845535278,0.85
/pine/scr/s/i/siyangj/DAL96/MLmodels/m1535564033.087.h5,220.0,0.3,2000.0,3.6291620635986335,0.8525
/pine/scr/s/i/siyangj/DAL96/MLmodels/m1535564033.087.h5,220.0,0.1,2000.0,3.6295142459869374,0.8375
/pine/scr/s/i/siyangj/DAL96/MLmodels/m1535564033.087.h5,220.0,0.0,2000.0,3.623570556640625,0.8525
/pine/scr/s/i/siyangj/DAL96/MLmodels/m1535564070.123.h5,221.0,0.5,2000.0,3.720369682312012,0.8175
/pine/scr/s/i/siyangj/DAL96/MLmodels/m1535564070.148.h5,221.0,0.9,2000.0,3.816046619415283,0.81
/pine/scr/s/i/siyangj/DAL96/MLmodels/m1535564070.123.h5,221.0,0.4,2000.0,3.691380748748778,0.815
/pine/scr/s/i/siyangj/DAL96/MLmodels/m1535564070.149.h5,221.0,0.7,2000.0,3.6697093391418463,0.87
/pine/scr/s/i/siyangj/DAL96/MLmodels/m1535564070.178.h5,221.0,1.1,2000.0,3.872803897857666,0.805
/pine/scr/s/i/siyangj/DAL96/MLmodels/m1535564070.123.h5,221.0,0.3,2000.0,3.665943241119385,0.7925
/pine/scr/s/i/siyangj/DAL96/MLmodels/m1535564070.148.h5,221.0,0.8,2000.0,3.835297660827637,0.81
/pine/scr/s/i/siyangj/DAL96/MLmodels/m1535564070.149.h5,221.0,0.6,2000.0,3.721726570129393,0.815
/pine/scr/s/i/siyangj/DAL96/MLmodels/m1535564070.178.h5,221.0,1.2,2000.0,3.8797186851501455,0.795
/pine/scr/s/i/siyangj/DAL96/MLmodels/m1535564070.123.h5,221.0,0.2,2000.0,3.587887783050537,0.86
/pine/scr/s/i/siyangj/DAL96/MLmodels/m1535564070.178.h5,221.0,1.0,2000.0,3.844281311035157,0.8125
/pine/scr/s/i/siyangj/DAL96/MLmodels/m1535564023.143.h5,218.0,1.3,2000.0,3.4530681610107417,0.8525
/pine/scr/s/i/siyangj/DAL96/MLmodels/m1535564030.535.h5,218.0,1.8,2000.0,3.62780611038208,0.805
/pine/scr/s/i/siyangj/DAL96/MLmodels/m1535564030.459.h5,218.0,1.9,2000.0,3.669066047668457,0.7975
/pine/scr/s/i/siyangj/DAL96/MLmodels/m1535564030.671.h5,218.0,1.5,2000.0,3.6297180938720697,0.81
/pine/scr/s/i/siyangj/DAL96/MLmodels/m1535564030.535.h5,218.0,1.6,2000.0,3.5478770256042482,0.7975
/pine/scr/s/i/siyangj/DAL96/MLmodels/m1535564032.742.h5,220.0,0.6,2000.0,3.6684173488616953,0.8225
/pine/scr/s/i/siyangj/DAL96/MLmodels/m1535564032.737.h5,220.0,0.5,2000.0,3.6565443229675294,0.8225
/pine/scr/s/i/siyangj/DAL96/MLmodels/m1535564030.535.h5,218.0,1.7,2000.0,3.6335889434814455,0.8175
/pine/scr/s/i/siyangj/DAL96/MLmodels/m1535564030.671.h5,218.0,1.4,2000.0,3.584412384033203,0.8125
/pine/scr/s/i/siyangj/DAL96/MLmodels/m1535564032.456.h5,219.0,0.6,2000.0,3.40769193649292,0.8675
/pine/scr/s/i/siyangj/DAL96/MLmodels/m1535564033.465.h5,219.0,1.2,2000.0,3.4100046443939207,0.83
/pine/scr/s/i/siyangj/DAL96/MLmodels/m1535564032.391.h5,219.0,0.7,2000.0,3.3675011348724366,0.85
5,,,,,
/pine/scr/s/i/siyangj/DAL96/MLmodels/m1535564032.613.h5,220.0,0.4,2000.0,3.654521617889405,0.8275
/pine/scr/s/i/siyangj/DAL96/MLmodels/m1535564032.955.h5,219.0,0.4,2000.0,3.4006719017028813,0.865
/pine/scr/s/i/siyangj/DAL96/MLmodels/m1535564033.165.h5,220.0,1.4,2000.0,3.85884141921997,0.8125
/pine/scr/s/i/siyangj/DAL96/MLmodels/m1535564033.287.h5,220.0,1.6,2000.0,3.9076738834381097,0.805
/pine/scr/s/i/siyangj/DAL96/MLmodels/m1535564031.174.h5,218.0,2.0,2000.0,3.7031055068969727,0.8025
/pine/scr/s/i/siyangj/DAL96/MLmodels/m1535564032.400.h5,219.0,0.5,2000.0,3.332653617858887,0.8725
/pine/scr/s/i/siyangj/DAL96/MLmodels/m1535564033.392.h5,219.0,1.1,2000.0,3.493087730407715,0.8375
/pine/scr/s/i/siyangj/DAL96/MLmodels/m1535564033.263.h5,221.0,0.0,2000.0,3.758739833831787,0.825
/pine/scr/s/i/siyangj/DAL96/MLmodels/m1535564033.116.h5,220.0,0.9,2000.0,3.707947616577148,0.8425
/pine/scr/s/i/siyangj/DAL96/MLmodels/m1535564033.117.h5,220.0,0.8,2000.0,3.6984853363037113,0.8425
/pine/scr/s/i/siyangj/DAL96/MLmodels/m1535564033.263.h5,221.0,0.1,2000.0,3.7570510482788086,0.8025
/pine/scr/s/i/siyangj/DAL96/MLmodels/m1535564033.116.h5,220.0,1.0,2000.0,3.731058292388916,0.83
/pine/scr/s/i/siyangj/DAL96/MLmodels/m1535564033.263.h5,220.0,2.0,2000.0,4.100516357421875,0.8
/pine/scr/s/i/siyangj/DAL96/MLmodels/m1535564032.955.h5,219.0,0.3,2000.0,3.326259384155273,0.8625
/pine/scr/s/i/siyangj/DAL96/MLmodels/m1535564033.165.h5,220.0,1.3,2000.0,3.79872127532959,0.825
/pine/scr/s/i/siyangj/DAL96/MLmodels/m1535564033.165.h5,220.0,1.2,2000.0,3.791346874237061,0.82
/pine/scr/s/i/siyangj/DAL96/MLmodels/m1535564033.263.h5,220.0,1.9,2000.0,4.048675041198732,0.8075
/pine/scr/s/i/siyangj/DAL96/MLmodels/m1535564033.287.h5,220.0,1.5,2000.0,3.868666009902953,0.8075
/pine/scr/s/i/siyangj/DAL96/MLmodels/m1535564032.923.h5,219.0,0.9,2000.0,3.392376794815064,0.8325
/pine/scr/s/i/siyangj/DAL96/MLmodels/m1535564032.955.h5,219.0,0.1,2000.0,3.265710773468017,0.8775
/pine/scr/s/i/siyangj/DAL96/MLmodels/m1535564033.165.h5,220.0,1.1,2000.0,3.7463170146942137,0.835
/pine/scr/s/i/siyangj/DAL96/MLmodels/m1535564106.187.h5,221.0,1.7,2000.0,4.023508758544922,0.7875
/pine/scr/s/i/siyangj/DAL96/MLmodels/m1535564106.193.h5,222.0,0.0,2000.0,3.6403880882263184,0.8725
/pine/scr/s/i/siyangj/DAL96/MLmodels/m1535564033.116.h5,220.0,0.7,2000.0,3.7010697555541987,0.8275
/pine/scr/s/i/siyangj/DAL96/MLmodels/m1535564106.187.h5,222.0,0.2,2000.0,3.63446699142456,0.8825
/pine/scr/s/i/siyangj/DAL96/MLmodels/m1535564106.188.h5,222.0,0.4,2000.0,3.674693508148193,0.87
/pine/scr/s/i/siyangj/DAL96/MLmodels/m1535564106.305.h5,221.0,1.9,2000.0,4.08322021484375,0.7775
/pine/scr/s/i/siyangj/DAL96/MLmodels/m1535564106.187.h5,222.0,0.3,2000.0,3.6699980926513667,0.8575
/pine/scr/s/i/siyangj/DAL96/MLmodels/m1535564106.187.h5,221.0,1.6,2000.0,3.988734073638916,0.7925
/pine/scr/s/i/siyangj/DAL96/MLmodels/m1535564106.187.h5,221.0,1.5,2000.0,3.9601117515563966,0.795
/pine/scr/s/i/siyangj/DAL96/MLmodels/m1535564106.193.h5,221.0,1.8,2000.0,4.035033931732178,0.7825
/pine/scr/s/i/siyangj/DAL96/MLmodels/m1535564106.187.h5,222.0,0.1,2000.0,3.5573794555664064,0.8475
/pine/scr/s/i/siyangj/DAL96/MLmodels/m1535564106.187.h5,221.0,1.4,2000.0,3.924609622955322,0.785
/pine/scr/s/i/siyangj/DAL96/MLmodels/m1535564139.789.h5,223.0,1.4,2000.0,3.74220703125,0.845
/pine/scr/s/i/siyangj/DAL96/MLmodels/m1535564139.789.h5,223.0,1.6,2000.0,3.7974459171295174,0.8375
/pine/scr/s/i/siyangj/DAL96/MLmodels/m1535564139.789.h5,223.0,1.5,2000.0,3.781256771087647,0.84
/pine/scr/s/i/siyangj/DAL96/MLmodels/m1535564139.789.h5,223.0,1.3,2000.0,3.724964962005615,0.8425
/pine/scr/s/i/siyangj/DAL96/MLmodels/m1535564141.835.h5,224.0,0.3,2000.0,3.2724691581726075,0.83
/pine/scr/s/i/siyangj/DAL96/MLmodels/m1535564141.835.h5,224.0,0.2,2000.0,3.2969394397735594,0.8275
/pine/scr/s/i/siyangj/DAL96/MLmodels/m1535564141.835.h5,224.0,0.1,2000.0,3.2800640201568605,0.84
/pine/scr/s/i/siyangj/DAL96/MLmodels/m1535564141.862.h5,224.0,0.5,2000.0,3.2782520389556886,0.8375
/pine/scr/s/i/siyangj/DAL96/MLmodels/m1535564141.862.h5,224.0,0.6,2000.0,3.2891425228118902,0.8375
/pine/scr/s/i/siyangj/DAL96/MLmodels/m1535564141.862.h5,224.0,0.4,2000.0,3.3525328731536863,0.835
/pine/scr/s/i/siyangj/DAL96/MLmodels/m1535564141.835.h5,224.0,0.0,2000.0,3.24287338256836,0.845
/pine/scr/s/i/siyangj/DAL96/MLmodels/m1535564176.683.h5,224.0,1.5,2000.0,3.594967308044433,0.815
/pine/scr/s/i/siyangj/DAL96/MLmodels/m1535564177.505.h5,224.0,1.7,2000.0,3.620812950134277,0.8325
/pine/scr/s/i/siyangj/DAL96/MLmodels/m1535564177.516.h5,224.0,1.8,2000.0,3.690812549591064,0.8475
/pine/scr/s/i/siyangj/DAL96/MLmodels/m1535564177.444.h5,224.0,1.6,2000.0,3.570694704055786,0.8275
/pine/scr/s/i/siyangj/DAL96/MLmodels/m1535564179.837.h5,225.0,0.1,2000.0,3.558030881881714,0.84
/pine/scr/s/i/siyangj/DAL96/MLmodels/m1535564179.810.h5,225.0,0.5,2000.0,3.554921464920044,0.845
/pine/scr/s/i/siyangj/DAL96/MLmodels/m1535564179.765.h5,225.0,0.0,2000.0,3.4989845275878912,0.8525
/pine/scr/s/i/siyangj/DAL96/MLmodels/m1535564179.765.h5,224.0,2.0,2000.0,3.79736439704895,0.8325
/pine/scr/s/i/siyangj/DAL96/MLmodels/m1535564179.810.h5,225.0,0.3,2000.0,3.567638521194458,0.8375
/pine/scr/s/i/siyangj/DAL96/MLmodels/m1535564179.810.h5,225.0,0.4,2000.0,3.5333039283752443,0.83
/pine/scr/s/i/siyangj/DAL96/MLmodels/m1535564179.765.h5,224.0,1.9,2000.0,3.7761257171630858,0.84
/pine/scr/s/i/siyangj/DAL96/MLmodels/m1535564179.810.h5,225.0,0.2,2000.0,3.532466564178467,0.84
/pine/scr/s/i/siyangj/DAL96/MLmodels/m1535564127.213.h5,222.0,0.5,2000.0,3.5637353134155267,0.85
/pine/scr/s/i/siyangj/DAL96/MLmodels/m1535564134.937.h5,222.0,0.7,2000.0,3.5757368087768566,0.85
/pine/scr/s/i/siyangj/DAL96/MLmodels/m1535564133.954.h5,222.0,0.6,2000.0,3.5559921836853032,0.8575
/pine/scr/s/i/siyangj/DAL96/MLmodels/m1535564135.941.h5,222.0,1.0,2000.0,3.67827226638794,0.835
/pine/scr/s/i/siyangj/DAL96/MLmodels/m1535564134.951.h5,222.0,0.8,2000.0,3.6003531074523925,0.8375
/pine/scr/s/i/siyangj/DAL96/MLmodels/m1535564135.941.h5,222.0,0.9,2000.0,3.606614990234375,0.8325
/pine/scr/s/i/siyangj/DAL96/MLmodels/m1535564137.716.h5,222.0,1.6,2000.0,3.8440963935852053,0.8125
/pine/scr/s/i/siyangj/DAL96/MLmodels/m1535564138.295.h5,222.0,1.8,2000.0,3.8779889488220216,0.84
/pine/scr/s/i/siyangj/DAL96/MLmodels/m1535564139.486.h5,222.0,2.0,2000.0,3.981696033477783,0.825
/pine/scr/s/i/siyangj/DAL96/MLmodels/m1535564138.779.h5,222.0,1.7,2000.0,3.8830774307250975,0.82
/pine/scr/s/i/siyangj/DAL96/MLmodels/m1535564137.716.h5,222.0,1.4,2000.0,3.7603073120117188,0.8225
/pine/scr/s/i/siyangj/DAL96/MLmodels/m1535564139.941.h5,223.0,0.4,2000.0,3.543341999053955,0.8575
/pine/scr/s/i/siyangj/DAL96/MLmodels/m1535564141.723.h5,224.0,0.9,2000.0,3.3213126850128174,0.8375
/pine/scr/s/i/siyangj/DAL96/MLmodels/m1535564139.922.h5,223.0,0.6,2000.0,3.568029613494873,0.845
/pine/scr/s/i/siyangj/DAL96/MLmodels/m1535564139.977.h5,223.0,1.1,2000.0,3.6908909988403322,0.84
/pine/scr/s/i/siyangj/DAL96/MLmodels/m1535564139.922.h5,223.0,0.8,2000.0,3.607866086959839,0.84
/pine/scr/s/i/siyangj/DAL96/MLmodels/m1535564139.546.h5,223.0,0.0,2000.0,3.5396342086791988,0.86
/pine/scr/s/i/siyangj/DAL96/MLmodels/m1535564139.941.h5,223.0,0.3,2000.0,3.537496747970581,0.8475
/pine/scr/s/i/siyangj/DAL96/MLmodels/m1535564139.977.h5,223.0,1.2,2000.0,3.69558349609375,0.845
/pine/scr/s/i/siyangj/DAL96/MLmodels/m1535564142.067.h5,223.0,2.0,2000.0,3.9358237457275385,0.82
/pine/scr/s/i/siyangj/DAL96/MLmodels/m1535564141.683.h5,224.0,0.8,2000.0,3.3646357154846185,0.8325
/pine/scr/s/i/siyangj/DAL96/MLmodels/m1535564139.941.h5,223.0,0.2,2000.0,3.536767492294312,0.865
/pine/scr/s/i/siyangj/DAL96/MLmodels/m1535564139.922.h5,223.0,0.7,2000.0,3.588283882141113,0.845
/pine/scr/s/i/siyangj/DAL96/MLmodels/m1535564139.923.h5,223.0,0.5,2000.0,3.5569048976898188,0.845
/pine/scr/s/i/siyangj/DAL96/MLmodels/m1535564142.070.h5,224.0,1.4,2000.0,3.525250587463379,0.8425
/pine/scr/s/i/siyangj/DAL96/MLmodels/m1535564142.067.h5,223.0,1.9,2000.0,3.902348079681397,0.8225
/pine/scr/s/i/siyangj/DAL96/MLmodels/m1535564212.414.h5,225.0,0.8,2000.0,3.5724448680877687,0.865
/pine/scr/s/i/siyangj/DAL96/MLmodels/m1535564212.414.h5,225.0,0.9,2000.0,3.5378035926818847,0.84
/pine/scr/s/i/siyangj/DAL96/MLmodels/m1535564139.941.h5,223.0,0.1,2000.0,3.5287109279632567,0.86
/pine/scr/s/i/siyangj/DAL96/MLmodels/m1535564212.414.h5,225.0,0.6,2000.0,3.5645300579071044,0.85
/pine/scr/s/i/siyangj/DAL96/MLmodels/m1535564142.067.h5,223.0,1.7,2000.0,3.8437961673736583,0.8275
/pine/scr/s/i/siyangj/DAL96/MLmodels/m1535564142.070.h5,224.0,1.3,2000.0,3.486515808105469,0.8275
/pine/scr/s/i/siyangj/DAL96/MLmodels/m1535564214.694.h5,225.0,1.3,2000.0,3.7022941875457764,0.825
/pine/scr/s/i/siyangj/DAL96/MLmodels/m1535564214.694.h5,225.0,1.2,2000.0,3.6777331161499034,0.835
/pine/scr/s/i/siyangj/DAL96/MLmodels/m1535564214.694.h5,225.0,1.1,2000.0,3.686948528289795,0.825
/pine/scr/s/i/siyangj/DAL96/MLmodels/m1535564214.665.h5,225.0,1.7,2000.0,3.76681085586548,0.84
/pine/scr/s/i/siyangj/DAL96/MLmodels/m1535564214.665.h5,225.0,1.5,2000.0,3.7299732398986816,0.8275
/pine/scr/s/i/siyangj/DAL96/MLmodels/m1535564214.694.h5,225.0,1.0,2000.0,3.677965278625488,0.8175
/pine/scr/s/i/siyangj/DAL96/MLmodels/m1535564214.665.h5,225.0,1.4,2000.0,3.7332436847686767,0.8375
/pine/scr/s/i/siyangj/DAL96/MLmodels/m1535564249.126.h5,227.0,0.3,2000.0,3.8626146697998047,0.8175
/pine/scr/s/i/siyangj/DAL96/MLmodels/m1535564249.126.h5,227.0,0.2,2000.0,3.93654483795166,0.845
/pine/scr/s/i/siyangj/DAL96/MLmodels/m1535564249.126.h5,227.0,0.1,2000.0,3.898455629348754,0.84
/pine/scr/s/i/siyangj/DAL96/MLmodels/m1535564249.126.h5,227.0,0.0,2000.0,3.620232067108154,0.86
/pine/scr/s/i/siyangj/DAL96/MLmodels/m1535564251.097.h5,228.0,0.2,2000.0,3.287201986312866,0.85
/pine/scr/s/i/siyangj/DAL96/MLmodels/m1535564251.125.h5,228.0,0.6,2000.0,3.443379726409912,0.8425
/pine/scr/s/i/siyangj/DAL96/MLmodels/m1535564251.097.h5,228.0,0.1,2000.0,3.2866886234283452,0.845
/pine/scr/s/i/siyangj/DAL96/MLmodels/m1535564251.097.h5,228.0,0.0,2000.0,3.4084369945526123,0.8325
/pine/scr/s/i/siyangj/DAL96/MLmodels/m1535564251.125.h5,228.0,0.4,2000.0,3.4212629985809326,0.8425
/pine/scr/s/i/siyangj/DAL96/MLmodels/m1535564251.097.h5,227.0,2.0,2000.0,4.289015407562257,0.82
/pine/scr/s/i/siyangj/DAL96/MLmodels/m1535564251.125.h5,228.0,0.3,2000.0,3.309440803527832,0.8475
/pine/scr/s/i/siyangj/DAL96/MLmodels/m1535564251.730.h5,228.0,0.5,2000.0,3.424238739013672,0.845
/pine/scr/s/i/siyangj/DAL96/MLmodels/m1535564285.907.h5,228.0,0.9,2000.0,3.5102747917175288,0.8475
/pine/scr/s/i/siyangj/DAL96/MLmodels/m1535564285.907.h5,228.0,1.0,2000.0,3.5278322601318366,0.835
/pine/scr/s/i/siyangj/DAL96/MLmodels/m1535564286.045.h5,228.0,0.8,2000.0,3.4869288063049315,0.84
/pine/scr/s/i/siyangj/DAL96/MLmodels/m1535564285.907.h5,228.0,0.7,2000.0,3.3244667434692383,0.85
/pine/scr/s/i/siyangj/DAL96/MLmodels/m1535564288.974.h5,228.0,1.3,2000.0,3.587322826385498,0.83
/pine/scr/s/i/siyangj/DAL96/MLmodels/m1535564289.009.h5,228.0,1.6,2000.0,3.5742018127441413,0.82
/pine/scr/s/i/siyangj/DAL96/MLmodels/m1535564288.974.h5,228.0,1.2,2000.0,3.572431983947754,0.8375
/pine/scr/s/i/siyangj/DAL96/MLmodels/m1535564289.009.h5,228.0,1.7,2000.0,3.6429732131958006,0.8125
/pine/scr/s/i/siyangj/DAL96/MLmodels/m1535564288.974.h5,228.0,1.1,2000.0,3.5387951850891115,0.8325
/pine/scr/s/i/siyangj/DAL96/MLmodels/m1535564289.009.h5,228.0,1.5,2000.0,3.6552520751953126,0.835
/pine/scr/s/i/siyangj/DAL96/MLmodels/m1535564231.029.h5,225.0,1.8,2000.0,3.8091106414794917,0.8325
/pine/scr/s/i/siyangj/DAL96/MLmodels/m1535564243.148.h5,225.0,1.9,2000.0,3.870528583526611,0.8275
/pine/scr/s/i/siyangj/DAL96/MLmodels/m1535564243.148.h5,226.0,0.0,2000.0,3.710776081085205,0.8475
/pine/scr/s/i/siyangj/DAL96/MLmodels/m1535564243.148.h5,225.0,2.0,2000.0,3.9233247375488283,0.8375
/pine/scr/s/i/siyangj/DAL96/MLmodels/m1535564246.232.h5,226.0,0.3,2000.0,3.652626876831056,0.84
/pine/scr/s/i/siyangj/DAL96/MLmodels/m1535564246.166.h5,226.0,0.6,2000.0,3.722138967514038,0.845
/pine/scr/s/i/siyangj/DAL96/MLmodels/m1535564246.214.h5,226.0,1.0,2000.0,3.643759775161743,0.8725
/pine/scr/s/i/siyangj/DAL96/MLmodels/m1535564246.166.h5,226.0,0.5,2000.0,3.646708221435547,0.845
/pine/scr/s/i/siyangj/DAL96/MLmodels/m1535564246.232.h5,226.0,0.2,2000.0,3.620645771026611,0.85
/pine/scr/s/i/siyangj/DAL96/MLmodels/m1535564246.214.h5,226.0,0.9,2000.0,3.723741912841797,0.865
/pine/scr/s/i/siyangj/DAL96/MLmodels/m1535564248.734.h5,226.0,1.2,2000.0,3.694560432434082,0.845
/pine/scr/s/i/siyangj/DAL96/MLmodels/m1535564248.681.h5,226.0,1.1,2000.0,3.7822318267822266,0.8525
/pine/scr/s/i/siyangj/DAL96/MLmodels/m1535564249.260.h5,226.0,2.0,2000.0,3.9509770584106447,0.83
/pine/scr/s/i/siyangj/DAL96/MLmodels/m1535564249.294.h5,227.0,0.7,2000.0,3.972467155456543,0.8275
/pine/scr/s/i/siyangj/DAL96/MLmodels/m1535564249.401.h5,227.0,1.1,2000.0,3.7124674415588377,0.81
/pine/scr/s/i/siyangj/DAL96/MLmodels/m1535564249.401.h5,227.0,1.0,2000.0,3.681276235580445,0.83
/pine/scr/s/i/siyangj/DAL96/MLmodels/m1535564249.274.h5,226.0,1.6,2000.0,3.816387023925781,0.8125
/pine/scr/s/i/siyangj/DAL96/MLmodels/m1535564249.260.h5,226.0,1.9,2000.0,3.912852869033813,0.825
/pine/scr/s/i/siyangj/DAL96/MLmodels/m1535564249.260.h5,226.0,1.8,2000.0,3.9399316120147705,0.825
/pine/scr/s/i/siyangj/DAL96/MLmodels/m1535564249.294.h5,227.0,0.6,2000.0,3.618813152313233,0.8525
/pine/scr/s/i/siyangj/DAL96/MLmodels/m1535564251.294.h5,227.0,1.9,2000.0,4.040118007659912,0.795
/pine/scr/s/i/siyangj/DAL96/MLmodels/m1535564249.274.h5,226.0,1.4,2000.0,3.7685410499572765,0.8425
/pine/scr/s/i/siyangj/DAL96/MLmodels/m1535564249.401.h5,227.0,0.9,2000.0,3.9871297454834,0.8425
/pine/scr/s/i/siyangj/DAL96/MLmodels/m1535564251.269.h5,227.0,1.4,2000.0,3.9991193866729735,0.82
/pine/scr/s/i/siyangj/DAL96/MLmodels/m1535564321.081.h5,228.0,2.0,2000.0,3.7628708553314207,0.81
/pine/scr/s/i/siyangj/DAL96/MLmodels/m1535564251.269.h5,227.0,1.3,2000.0,4.000130796432496,0.825
/pine/scr/s/i/siyangj/DAL96/MLmodels/m1535564251.294.h5,227.0,1.7,2000.0,3.86025354385376,0.82
/pine/scr/s/i/siyangj/DAL96/MLmodels/m1535564249.260.h5,226.0,1.7,2000.0,3.9572715759277344,0.8175
/pine/scr/s/i/siyangj/DAL96/MLmodels/m1535564249.294.h5,227.0,0.4,2000.0,3.8801354217529296,0.8225
/pine/scr/s/i/siyangj/DAL96/MLmodels/m1535564321.081.h5,228.0,1.9,2000.0,3.714895057678224,0.815
/pine/scr/s/i/siyangj/DAL96/MLmodels/m1535564321.825.h5,229.0,0.1,2000.0,3.5232301139831543,0.8925
/pine/scr/s/i/siyangj/DAL96/MLmodels/m1535564321.822.h5,229.0,0.0,2000.0,3.6879888725280763,0.905
/pine/scr/s/i/siyangj/DAL96/MLmodels/m1535564249.274.h5,226.0,1.3,2000.0,3.818683738708496,0.87
/pine/scr/s/i/siyangj/DAL96/MLmodels/m1535564251.295.h5,227.0,1.6,2000.0,3.935371313095093,0.8275
/pine/scr/s/i/siyangj/DAL96/MLmodels/m1535564323.274.h5,229.0,0.5,2000.0,3.699984321594238,0.855
/pine/scr/s/i/siyangj/DAL96/MLmodels/m1535564323.303.h5,229.0,0.9,2000.0,3.6768781661987298,0.885
/pine/scr/s/i/siyangj/DAL96/MLmodels/m1535564323.274.h5,229.0,0.4,2000.0,3.617703056335448,0.88
/pine/scr/s/i/siyangj/DAL96/MLmodels/m1535564323.303.h5,229.0,0.7,2000.0,3.566580352783203,0.875
/pine/scr/s/i/siyangj/DAL96/MLmodels/m1535564323.274.h5,229.0,0.2,2000.0,3.5743244361877435,0.865
/pine/scr/s/i/siyangj/DAL96/MLmodels/m1535564323.303.h5,229.0,0.8,2000.0,3.630680980682373,0.8925
/pine/scr/s/i/siyangj/DAL96/MLmodels/m1535564323.274.h5,229.0,0.3,2000.0,3.5982155609130864,0.88
/pine/scr/s/i/siyangj/DAL96/MLmodels/m1535564323.303.h5,229.0,0.6,2000.0,3.55513427734375,0.8725
/pine/scr/s/i/siyangj/DAL96/MLmodels/m1535564358.205.h5,230.0,1.6,2000.0,3.8147946739196783,0.8275
/pine/scr/s/i/siyangj/DAL96/MLmodels/m1535564358.205.h5,230.0,1.5,2000.0,3.7369313621521,0.83
/pine/scr/s/i/siyangj/DAL96/MLmodels/m1535564358.206.h5,230.0,1.3,2000.0,3.722230224609375,0.8375
/pine/scr/s/i/siyangj/DAL96/MLmodels/m1535564358.206.h5,230.0,1.4,2000.0,3.6689712715148928,0.835
/pine/scr/s/i/siyangj/DAL96/MLmodels/m1535564361.274.h5,231.0,1.5,2000.0,3.715805721282959,0.805
/pine/scr/s/i/siyangj/DAL96/MLmodels/m1535564361.274.h5,231.0,1.4,2000.0,3.655064754486084,0.8175
/pine/scr/s/i/siyangj/DAL96/MLmodels/m1535564361.274.h5,231.0,1.3,2000.0,3.5776509857177734,0.85
/pine/scr/s/i/siyangj/DAL96/MLmodels/m1535564361.302.h5,231.0,1.9,2000.0,3.8570300483703615,0.805
/pine/scr/s/i/siyangj/DAL96/MLmodels/m1535564361.302.h5,231.0,1.7,2000.0,3.808270072937012,0.8275
/pine/scr/s/i/siyangj/DAL96/MLmodels/m1535564361.302.h5,231.0,1.6,2000.0,3.7303906440734864,0.8175
/pine/scr/s/i/siyangj/DAL96/MLmodels/m1535564361.302.h5,231.0,1.8,2000.0,3.840076456069946,0.825
/pine/scr/s/i/siyangj/DAL96/MLmodels/m1535564361.274.h5,231.0,1.2,2000.0,3.6206682491302478,0.845
/pine/scr/s/i/siyangj/DAL96/MLmodels/m1535564393.474.h5,232.0,0.2,2000.0,3.7140106201171874,0.83
/pine/scr/s/i/siyangj/DAL96/MLmodels/m1535564393.474.h5,231.0,2.0,2000.0,3.82657395362854,0.81
/pine/scr/s/i/siyangj/DAL96/MLmodels/m1535564394.151.h5,232.0,0.1,2000.0,3.6927016544342033,0.835
/pine/scr/s/i/siyangj/DAL96/MLmodels/m1535564394.141.h5,232.0,0.0,2000.0,3.66161678314209,0.83
/pine/scr/s/i/siyangj/DAL96/MLmodels/m1535564396.205.h5,232.0,0.4,2000.0,3.6084725189208986,0.8625
/pine/scr/s/i/siyangj/DAL96/MLmodels/m1535564396.205.h5,232.0,0.6,2000.0,3.7701603507995607,0.8325
/pine/scr/s/i/siyangj/DAL96/MLmodels/m1535564396.205.h5,232.0,0.5,2000.0,3.6441889667510985,0.855
/pine/scr/s/i/siyangj/DAL96/MLmodels/m1535564396.204.h5,232.0,1.0,2000.0,3.7177335357666017,0.855
/pine/scr/s/i/siyangj/DAL96/MLmodels/m1535564396.205.h5,232.0,0.8,2000.0,3.7495346164703367,0.85
/pine/scr/s/i/siyangj/DAL96/MLmodels/m1535564396.205.h5,232.0,0.9,2000.0,3.681391563415527,0.86
/pine/scr/s/i/siyangj/DAL96/MLmodels/m1535564396.205.h5,232.0,0.3,2000.0,3.56505786895752,0.8625
/pine/scr/s/i/siyangj/DAL96/MLmodels/m1535564396.204.h5,232.0,0.7,2000.0,3.6881333255767816,0.86
/pine/scr/s/i/siyangj/DAL96/MLmodels/m1535564334.599.h5,229.0,1.0,2000.0,3.783149509429931,0.8825
/pine/scr/s/i/siyangj/DAL96/MLmodels/m1535564352.236.h5,229.0,1.3,2000.0,3.851786499023437,0.87
/pine/scr/s/i/siyangj/DAL96/MLmodels/m1535564352.236.h5,229.0,1.1,2000.0,3.8158323860168455,0.885
/pine/scr/s/i/siyangj/DAL96/MLmodels/m1535564352.236.h5,229.0,1.2,2000.0,3.786685619354248,0.88
/pine/scr/s/i/siyangj/DAL96/MLmodels/m1535564355.338.h5,229.0,1.7,2000.0,3.947464790344238,0.8275
/pine/scr/s/i/siyangj/DAL96/MLmodels/m1535564355.307.h5,230.0,0.4,2000.0,3.540777406692505,0.8525
/pine/scr/s/i/siyangj/DAL96/MLmodels/m1535564355.307.h5,230.0,0.2,2000.0,3.622010974884033,0.855
/pine/scr/s/i/siyangj/DAL96/MLmodels/m1535564355.266.h5,229.0,1.9,2000.0,3.9651178932189937,0.86
/pine/scr/s/i/siyangj/DAL96/MLmodels/m1535564355.768.h5,229.0,2.0,2000.0,4.063991489410402,0.8225
/pine/scr/s/i/siyangj/DAL96/MLmodels/m1535564355.266.h5,230.0,0.0,2000.0,3.6005760383605963,0.8525
/pine/scr/s/i/siyangj/DAL96/MLmodels/m1535564355.338.h5,229.0,1.6,2000.0,3.959236679077149,0.85
/pine/scr/s/i/siyangj/DAL96/MLmodels/m1535564355.307.h5,230.0,0.1,2000.0,3.667350730895996,0.855
/pine/scr/s/i/siyangj/DAL96/MLmodels/m1535564358.406.h5,230.0,2.0,2000.0,3.9720528602600096,0.825
/pine/scr/s/i/siyangj/DAL96/MLmodels/m1535564355.339.h5,229.0,1.4,2000.0,3.953321151733399,0.8225
/pine/scr/s/i/siyangj/DAL96/MLmodels/m1535564355.266.h5,229.0,1.8,2000.0,4.026346092224121,0.84
/pine/scr/s/i/siyangj/DAL96/MLmodels/m1535564358.394.h5,230.0,1.2,2000.0,3.705176420211792,0.835
/pine/scr/s/i/siyangj/DAL96/MLmodels/m1535564358.394.h5,230.0,1.1,2000.0,3.71158218383789,0.85
/pine/scr/s/i/siyangj/DAL96/MLmodels/m1535564358.416.h5,230.0,0.8,2000.0,3.633883934020996,0.845
/pine/scr/s/i/siyangj/DAL96/MLmodels/m1535564358.414.h5,231.0,0.3,2000.0,3.410326557159424,0.86
/pine/scr/s/i/siyangj/DAL96/MLmodels/m1535564358.414.h5,231.0,0.2,2000.0,3.4753142166137696,0.8725
/pine/scr/s/i/siyangj/DAL96/MLmodels/m1535564358.406.h5,230.0,1.8,2000.0,3.9957088470458975,0.8225
/pine/scr/s/i/siyangj/DAL96/MLmodels/m1535564358.406.h5,230.0,1.9,2000.0,3.9302270984649663,0.8275
/pine/scr/s/i/siyangj/DAL96/MLmodels/m1535564429.284.h5,232.0,1.4,2000.0,3.834324779510498,0.85
/pine/scr/s/i/siyangj/DAL96/MLmodels/m1535564429.285.h5,232.0,1.3,2000.0,3.762455310821533,0.8375
/pine/scr/s/i/siyangj/DAL96/MLmodels/m1535564429.284.h5,232.0,1.2,2000.0,3.76078691482544,0.845
/pine/scr/s/i/siyangj/DAL96/MLmodels/m1535564429.284.h5,232.0,1.1,2000.0,3.764219799041748,0.84
/pine/scr/s/i/siyangj/DAL96/MLmodels/m1535564358.416.h5,230.0,0.7,2000.0,3.6077234077453615,0.84
/pine/scr/s/i/siyangj/DAL96/MLmodels/m1535564358.416.h5,230.0,0.6,2000.0,3.5790856170654286,0.8375
/pine/scr/s/i/siyangj/DAL96/MLmodels/m1535564358.394.h5,230.0,1.0,2000.0,3.663529586791992,0.84
/pine/scr/s/i/siyangj/DAL96/MLmodels/m1535564358.414.h5,231.0,0.1,2000.0,3.293020286560058,0.87
/pine/scr/s/i/siyangj/DAL96/MLmodels/m1535564358.406.h5,230.0,1.7,2000.0,3.846715278625488,0.8275
/pine/scr/s/i/siyangj/DAL96/MLmodels/m1535564358.416.h5,230.0,0.5,2000.0,3.5740928077697767,0.8525
/pine/scr/s/i/siyangj/DAL96/MLmodels/m1535564361.409.h5,231.0,1.1,2000.0,3.652571620941162,0.83
/pine/scr/s/i/siyangj/DAL96/MLmodels/m1535564361.288.h5,231.0,0.6,2000.0,3.5300008201599122,0.8525
/pine/scr/s/i/siyangj/DAL96/MLmodels/m1535564361.288.h5,231.0,0.7,2000.0,3.5633385372161865,0.8525
/pine/scr/s/i/siyangj/DAL96/MLmodels/m1535564361.287.h5,231.0,0.5,2000.0,3.4820046234130864,0.845
/pine/scr/s/i/siyangj/DAL96/MLmodels/m1535564431.824.h5,232.0,1.8,2000.0,3.956233472824097,0.8275
/pine/scr/s/i/siyangj/DAL96/MLmodels/m1535564431.779.h5,233.0,0.1,2000.0,3.4363156986236567,0.87
/pine/scr/s/i/siyangj/DAL96/MLmodels/m1535564361.409.h5,231.0,1.0,2000.0,3.5703559494018555,0.83
/pine/scr/s/i/siyangj/DAL96/MLmodels/m1535564431.823.h5,232.0,1.7,2000.0,3.9396096229553215,0.835
/pine/scr/s/i/siyangj/DAL96/MLmodels/m1535564361.409.h5,231.0,0.9,2000.0,3.5328909587860107,0.835
/pine/scr/s/i/siyangj/DAL96/MLmodels/m1535564431.779.h5,232.0,2.0,2000.0,4.037292213439941,0.8225
/pine/scr/s/i/siyangj/DAL96/MLmodels/m1535564431.824.h5,232.0,1.5,2000.0,3.8419923973083496,0.85
/pine/scr/s/i/siyangj/DAL96/MLmodels/m1535564431.823.h5,232.0,1.6,2000.0,3.8890136909484863,0.835
/pine/scr/s/i/siyangj/DAL96/MLmodels/m1535564431.779.h5,233.0,0.0,2000.0,3.275651588439941,0.8525
/pine/scr/s/i/siyangj/DAL96/MLmodels/m1535564431.779.h5,232.0,1.9,2000.0,4.071038684844972,0.825
/pine/scr/s/i/siyangj/DAL96/MLmodels/m1535564361.288.h5,231.0,0.4,2000.0,3.4764715003967286,0.85
/pine/scr/s/i/siyangj/DAL96/MLmodels/m1535564361.409.h5,231.0,0.8,2000.0,3.5147317123413084,0.8325
/pine/scr/s/i/siyangj/DAL96/MLmodels/m1535564466.421.h5,234.0,0.4,2000.0,3.3913241958618165,0.8675
/pine/scr/s/i/siyangj/DAL96/MLmodels/m1535564466.421.h5,234.0,0.2,2000.0,3.370755796432495,0.8425
/pine/scr/s/i/siyangj/DAL96/MLmodels/m1535564466.421.h5,234.0,0.3,2000.0,3.369024772644043,0.8625
/pine/scr/s/i/siyangj/DAL96/MLmodels/m1535564466.421.h5,234.0,0.1,2000.0,3.438110027313233,0.815
/pine/scr/s/i/siyangj/DAL96/MLmodels/m1535564469.442.h5,235.0,0.7,2000.0,3.7273764514923102,0.82
/pine/scr/s/i/siyangj/DAL96/MLmodels/m1535564469.660.h5,235.0,0.2,2000.0,3.6554131603240965,0.8275
/pine/scr/s/i/siyangj/DAL96/MLmodels/m1535564469.442.h5,235.0,0.5,2000.0,3.684411182403565,0.815
/pine/scr/s/i/siyangj/DAL96/MLmodels/m1535564469.660.h5,235.0,0.1,2000.0,3.623682327270509,0.835
/pine/scr/s/i/siyangj/DAL96/MLmodels/m1535564469.442.h5,235.0,0.6,2000.0,3.721354417800904,0.8025
/pine/scr/s/i/siyangj/DAL96/MLmodels/m1535564469.660.h5,235.0,0.0,2000.0,3.6437227439880373,0.8375
/pine/scr/s/i/siyangj/DAL96/MLmodels/m1535564469.443.h5,235.0,0.4,2000.0,3.6532203102111818,0.815
/pine/scr/s/i/siyangj/DAL96/MLmodels/m1535564501.610.h5,235.0,1.2,2000.0,3.852466049194336,0.7925
/pine/scr/s/i/siyangj/DAL96/MLmodels/m1535564502.348.h5,235.0,1.5,2000.0,3.980945091247559,0.8075
/pine/scr/s/i/siyangj/DAL96/MLmodels/m1535564502.328.h5,235.0,1.4,2000.0,3.9415693283081055,0.805
/pine/scr/s/i/siyangj/DAL96/MLmodels/m1535564503.802.h5,236.0,0.0,2000.0,3.6063414859771727,0.865
/pine/scr/s/i/siyangj/DAL96/MLmodels/m1535564503.801.h5,236.0,0.2,2000.0,3.5061066818237303,0.8475
/pine/scr/s/i/siyangj/DAL96/MLmodels/m1535564503.801.h5,236.0,0.1,2000.0,3.3875422096252437,0.84
/pine/scr/s/i/siyangj/DAL96/MLmodels/m1535564504.455.h5,235.0,1.9,2000.0,4.092774791717528,0.805
/pine/scr/s/i/siyangj/DAL96/MLmodels/m1535564503.845.h5,235.0,1.6,2000.0,3.998069705963135,0.8025
/pine/scr/s/i/siyangj/DAL96/MLmodels/m1535564503.801.h5,235.0,2.0,2000.0,4.168809413909912,0.7825
/pine/scr/s/i/siyangj/DAL96/MLmodels/m1535564504.430.h5,235.0,1.8,2000.0,4.021592235565185,0.815
/pine/scr/s/i/siyangj/DAL96/MLmodels/m1535564441.323.h5,233.0,0.2,2000.0,3.508123445510864,0.825
/pine/scr/s/i/siyangj/DAL96/MLmodels/m1535564458.105.h5,233.0,0.5,2000.0,3.4743418502807617,0.85
/pine/scr/s/i/siyangj/DAL96/MLmodels/m1535564458.105.h5,233.0,0.3,2000.0,3.5540960121154783,0.83
/pine/scr/s/i/siyangj/DAL96/MLmodels/m1535564458.105.h5,233.0,0.4,2000.0,3.484312686920166,0.8475
/pine/scr/s/i/siyangj/DAL96/MLmodels/m1535564460.759.h5,233.0,0.7,2000.0,3.4303191089630127,0.84
/pine/scr/s/i/siyangj/DAL96/MLmodels/m1535564463.076.h5,233.0,0.9,2000.0,3.5026935958862304,0.8325
/pine/scr/s/i/siyangj/DAL96/MLmodels/m1535564460.759.h5,233.0,0.6,2000.0,3.422071895599365,0.855
/pine/scr/s/i/siyangj/DAL96/MLmodels/m1535564463.521.h5,233.0,1.3,2000.0,3.6774637603759768,0.8175
/pine/scr/s/i/siyangj/DAL96/MLmodels/m1535564463.153.h5,233.0,0.8,2000.0,3.43060715675354,0.86
/pine/scr/s/i/siyangj/DAL96/MLmodels/m1535564463.521.h5,233.0,1.2,2000.0,3.6962572288513194,0.84
/pine/scr/s/i/siyangj/DAL96/MLmodels/m1535564466.581.h5,233.0,1.9,2000.0,3.787046051025391,0.815
/pine/scr/s/i/siyangj/DAL96/MLmodels/m1535564466.639.h5,234.0,1.3,2000.0,3.502588233947754,0.815
/pine/scr/s/i/siyangj/DAL96/MLmodels/m1535564466.602.h5,234.0,0.5,2000.0,3.384586353302002,0.86
/pine/scr/s/i/siyangj/DAL96/MLmodels/m1535564466.534.h5,233.0,1.7,2000.0,3.779228916168213,0.8275
/pine/scr/s/i/siyangj/DAL96/MLmodels/m1535564466.574.h5,234.0,0.9,2000.0,3.4724520111083983,0.825
/pine/scr/s/i/siyangj/DAL96/MLmodels/m1535564466.573.h5,234.0,0.7,2000.0,3.4581268787384034,0.8325
/pine/scr/s/i/siyangj/DAL96/MLmodels/m1535564467.035.h5,233.0,2.0,2000.0,3.9202077293396,0.8025
/pine/scr/s/i/siyangj/DAL96/MLmodels/m1535564469.232.h5,234.0,1.5,2000.0,3.5892531204223634,0.805
/pine/scr/s/i/siyangj/DAL96/MLmodels/m1535564469.286.h5,234.0,1.6,2000.0,3.5862971782684325,0.8125
/pine/scr/s/i/siyangj/DAL96/MLmodels/m1535564466.639.h5,234.0,1.1,2000.0,3.5284185791015625,0.8
/pine/scr/s/i/siyangj/DAL96/MLmodels/m1535564466.534.h5,233.0,1.5,2000.0,3.681503677368164,0.8425
/pine/scr/s/i/siyangj/DAL96/MLmodels/m1535564466.573.h5,234.0,0.8,2000.0,3.380754804611206,0.85
/pine/scr/s/i/siyangj/DAL96/MLmodels/m1535564466.581.h5,233.0,1.8,2000.0,3.789216957092285,0.8325
/pine/scr/s/i/siyangj/DAL96/MLmodels/m1535564469.273.h5,234.0,1.4,2000.0,3.5447344207763667,0.815
/pine/scr/s/i/siyangj/DAL96/MLmodels/m1535564469.629.h5,234.0,2.0,2000.0,3.7497189807891846,0.795
/pine/scr/s/i/siyangj/DAL96/MLmodels/m1535564540.024.h5,236.0,0.6,2000.0,3.416870985031128,0.845
/pine/scr/s/i/siyangj/DAL96/MLmodels/m1535564540.090.h5,236.0,1.0,2000.0,3.6808333492279046,0.8525
/pine/scr/s/i/siyangj/DAL96/MLmodels/m1535564540.090.h5,236.0,0.9,2000.0,3.5462853622436525,0.835
/pine/scr/s/i/siyangj/DAL96/MLmodels/m1535564540.024.h5,236.0,0.5,2000.0,3.4066139602661134,0.8375
/pine/scr/s/i/siyangj/DAL96/MLmodels/m1535564540.135.h5,236.0,1.4,2000.0,3.6152198410034178,0.8275
/pine/scr/s/i/siyangj/DAL96/MLmodels/m1535564469.629.h5,234.0,1.9,2000.0,3.736420764923096,0.81
75,,,,,
/pine/scr/s/i/siyangj/DAL96/MLmodels/m1535564540.090.h5,236.0,0.7,2000.0,3.4225556182861334,0.84
/pine/scr/s/i/siyangj/DAL96/MLmodels/m1535564540.135.h5,236.0,1.2,2000.0,3.757694034576416,0.82
/pine/scr/s/i/siyangj/DAL96/MLmodels/m1535564540.024.h5,236.0,0.3,2000.0,3.5809264659881586,0.86
/pine/scr/s/i/siyangj/DAL96/MLmodels/m1535564540.135.h5,236.0,1.3,2000.0,3.9579473304748536,0.8225
/pine/scr/s/i/siyangj/DAL96/MLmodels/m1535564540.135.h5,236.0,1.1,2000.0,3.628214130401611,0.8225
/pine/scr/s/i/siyangj/DAL96/MLmodels/m1535564469.629.h5,234.0,1.7,2000.0,3.6448768997192382,0.795
/pine/scr/s/i/siyangj/DAL96/MLmodels/m1535564472.472.h5,235.0,1.0,2000.0,3.76035813331604,0.8025
/pine/scr/s/i/siyangj/DAL96/MLmodels/m1535564472.472.h5,235.0,1.1,2000.0,3.806642761230469,0.8
/pine/scr/s/i/siyangj/DAL96/MLmodels/m1535564472.472.h5,235.0,0.9,2000.0,3.770285930633545,0.8075
/pine/scr/s/i/siyangj/DAL96/MLmodels/m1535564575.363.h5,238.0,0.8,2000.0,3.6518564319610594,0.8375
/pine/scr/s/i/siyangj/DAL96/MLmodels/m1535564575.364.h5,238.0,0.7,2000.0,3.693260841369629,0.8425
/pine/scr/s/i/siyangj/DAL96/MLmodels/m1535564575.408.h5,238.0,1.2,2000.0,3.70127477645874,0.855
/pine/scr/s/i/siyangj/DAL96/MLmodels/m1535564575.408.h5,238.0,1.1,2000.0,3.721617746353149,0.825
/pine/scr/s/i/siyangj/DAL96/MLmodels/m1535564575.408.h5,238.0,1.0,2000.0,3.640088472366333,0.8325
/pine/scr/s/i/siyangj/DAL96/MLmodels/m1535564575.409.h5,238.0,1.4,2000.0,3.8371689033508303,0.825
/pine/scr/s/i/siyangj/DAL96/MLmodels/m1535564575.364.h5,238.0,0.6,2000.0,3.4272350883483886,0.85
/pine/scr/s/i/siyangj/DAL96/MLmodels/m1535564575.408.h5,238.0,0.9,2000.0,3.653846340179443,0.8525
/pine/scr/s/i/siyangj/DAL96/MLmodels/m1535564575.408.h5,238.0,1.3,2000.0,3.8349960231781006,0.795
/pine/scr/s/i/siyangj/DAL96/MLmodels/m1535564576.153.h5,238.0,1.6,2000.0,3.976611270904541,0.825
/pine/scr/s/i/siyangj/DAL96/MLmodels/m1535564576.117.h5,238.0,1.5,2000.0,3.817622413635254,0.83
/pine/scr/s/i/siyangj/DAL96/MLmodels/m1535564611.196.h5,239.0,1.1,2000.0,3.7678102016448975,0.845
/pine/scr/s/i/siyangj/DAL96/MLmodels/m1535564611.105.h5,239.0,0.7,2000.0,3.7109062767028806,0.8425
/pine/scr/s/i/siyangj/DAL96/MLmodels/m1535564611.175.h5,239.0,1.5,2000.0,3.9002320766448975,0.8325
/pine/scr/s/i/siyangj/DAL96/MLmodels/m1535564611.196.h5,239.0,1.0,2000.0,3.7727060985565184,0.8475
/pine/scr/s/i/siyangj/DAL96/MLmodels/m1535564611.105.h5,239.0,0.5,2000.0,3.700964708328247,0.8475
/pine/scr/s/i/siyangj/DAL96/MLmodels/m1535564611.268.h5,239.0,1.3,2000.0,3.8477789878845217,0.84
/pine/scr/s/i/siyangj/DAL96/MLmodels/m1535564611.175.h5,239.0,1.4,2000.0,3.877386655807495,0.8425
/pine/scr/s/i/siyangj/DAL96/MLmodels/m1535564611.175.h5,239.0,1.2,2000.0,3.821623964309692,0.8325
/pine/scr/s/i/siyangj/DAL96/MLmodels/m1535564611.105.h5,239.0,0.4,2000.0,3.679448585510254,0.845
/pine/scr/s/i/siyangj/DAL96/MLmodels/m1535564549.039.h5,236.0,1.5,2000.0,3.7672770595550538,0.84
/pine/scr/s/i/siyangj/DAL96/MLmodels/m1535564562.641.h5,236.0,1.6,2000.0,3.778596248626709,0.81
/pine/scr/s/i/siyangj/DAL96/MLmodels/m1535564564.352.h5,236.0,1.8,2000.0,3.8498513031005865,0.8075
/pine/scr/s/i/siyangj/DAL96/MLmodels/m1535564564.306.h5,236.0,1.7,2000.0,3.828387279510498,0.8275
/pine/scr/s/i/siyangj/DAL96/MLmodels/m1535564569.228.h5,237.0,0.1,2000.0,3.327439060211182,0.8725
/pine/scr/s/i/siyangj/DAL96/MLmodels/m1535564569.228.h5,236.0,2.0,2000.0,3.805979862213135,0.8175
/pine/scr/s/i/siyangj/DAL96/MLmodels/m1535564571.868.h5,237.0,0.6,2000.0,3.365191993713379,0.85
/pine/scr/s/i/siyangj/DAL96/MLmodels/m1535564571.334.h5,237.0,0.4,2000.0,3.334834098815918,0.85
/pine/scr/s/i/siyangj/DAL96/MLmodels/m1535564571.856.h5,237.0,0.5,2000.0,3.3336094856262206,0.86
/pine/scr/s/i/siyangj/DAL96/MLmodels/m1535564571.683.h5,237.0,0.2,2000.0,3.3451727771759034,0.875
/pine/scr/s/i/siyangj/DAL96/MLmodels/m1535564573.165.h5,237.0,0.9,2000.0,3.3075226402282722,0.8475
/pine/scr/s/i/siyangj/DAL96/MLmodels/m1535564573.125.h5,237.0,0.7,2000.0,3.4326258659362794,0.8575
/pine/scr/s/i/siyangj/DAL96/MLmodels/m1535564573.551.h5,237.0,1.3,2000.0,3.5446703624725338,0.8325
/pine/scr/s/i/siyangj/DAL96/MLmodels/m1535564573.588.h5,238.0,0.0,2000.0,3.4915282249450685,0.855
/pine/scr/s/i/siyangj/DAL96/MLmodels/m1535564573.612.h5,238.0,0.4,2000.0,3.6682781219482417,0.8475
/pine/scr/s/i/siyangj/DAL96/MLmodels/m1535564573.551.h5,237.0,1.1,2000.0,3.3745016479492187,0.86
/pine/scr/s/i/siyangj/DAL96/MLmodels/m1535564573.612.h5,238.0,0.3,2000.0,3.3720725059509284,0.85
/pine/scr/s/i/siyangj/DAL96/MLmodels/m1535564573.490.h5,237.0,1.7,2000.0,3.652253847122192,0.8275
/pine/scr/s/i/siyangj/DAL96/MLmodels/m1535564573.490.h5,237.0,1.5,2000.0,3.5333659744262693,0.855
/pine/scr/s/i/siyangj/DAL96/MLmodels/m1535564571.334.h5,237.0,0.3,2000.0,3.3195198249816893,0.85
/pine/scr/s/i/siyangj/DAL96/MLmodels/m1535564573.551.h5,237.0,1.2,2000.0,3.387360858917236,0.8625
/pine/scr/s/i/siyangj/DAL96/MLmodels/m1535564573.588.h5,237.0,2.0,2000.0,3.782003917694092,0.825
/pine/scr/s/i/siyangj/DAL96/MLmodels/m1535564573.612.h5,238.0,0.2,2000.0,3.5565640449523928,0.86
/pine/scr/s/i/siyangj/DAL96/MLmodels/m1535564573.588.h5,237.0,1.8,2000.0,3.6752790451049817,0.8175
/pine/scr/s/i/siyangj/DAL96/MLmodels/m1535564573.490.h5,237.0,1.6,2000.0,3.591490478515625,0.8475
/pine/scr/s/i/siyangj/DAL96/MLmodels/m1535564573.551.h5,237.0,1.0,2000.0,3.3479349327087404,0.84
/pine/scr/s/i/siyangj/DAL96/MLmodels/m1535564647.593.h5,239.0,1.9,2000.0,4.003003673553467,0.8425
/pine/scr/s/i/siyangj/DAL96/MLmodels/m1535564647.676.h5,240.0,0.2,2000.0,3.6737497520446776,0.82
/pine/scr/s/i/siyangj/DAL96/MLmodels/m1535564647.600.h5,239.0,1.8,2000.0,4.0290925025939925,0.835
/pine/scr/s/i/siyangj/DAL96/MLmodels/m1535564647.676.h5,240.0,0.0,2000.0,4.041639385223388,0.8325
/pine/scr/s/i/siyangj/DAL96/MLmodels/m1535564647.676.h5,240.0,0.1,2000.0,3.6661057281494136,0.7925
/pine/scr/s/i/siyangj/DAL96/MLmodels/m1535564647.594.h5,239.0,1.6,2000.0,3.91861255645752,0.84
/pine/scr/s/i/siyangj/DAL96/MLmodels/m1535564647.593.h5,239.0,1.7,2000.0,3.945147752761841,0.8475
/pine/scr/s/i/siyangj/DAL96/MLmodels/m1535564647.735.h5,240.0,0.6,2000.0,3.98560546875,0.835
/pine/scr/s/i/siyangj/DAL96/MLmodels/m1535564647.734.h5,240.0,0.4,2000.0,3.6890009307861327,0.8175
/pine/scr/s/i/siyangj/DAL96/MLmodels/m1535564578.271.h5,238.0,2.0,2000.0,4.059676856994629,0.81
/pine/scr/s/i/siyangj/DAL96/MLmodels/m1535564647.735.h5,240.0,0.5,2000.0,3.743195972442627,0.805
/pine/scr/s/i/siyangj/DAL96/MLmodels/m1535564578.272.h5,238.0,1.7,2000.0,3.9409738540649415,0.84
/pine/scr/s/i/siyangj/DAL96/MLmodels/m1535564578.271.h5,238.0,1.8,2000.0,4.041279850006103,0.8
25,,,,,
/pine/scr/s/i/siyangj/DAL96/MLmodels/m1535564581.218.h5,239.0,0.3,2000.0,3.678364152908325,0.845
/pine/scr/s/i/siyangj/DAL96/MLmodels/m1535564580.533.h5,239.0,0.2,2000.0,3.672607421875,0.8475
/pine/scr/s/i/siyangj/DAL96/MLmodels/m1535564580.533.h5,239.0,0.1,2000.0,3.6633913803100575,0.8425
/pine/scr/s/i/siyangj/DAL96/MLmodels/m1535564580.534.h5,239.0,0.0,2000.0,3.6655734539031983,0.84
/pine/scr/s/i/siyangj/DAL96/MLmodels/m1535564681.476.h5,242.0,0.0,2000.0,3.7327675247192382,0.8425
/pine/scr/s/i/siyangj/DAL96/MLmodels/m1535564681.523.h5,242.0,0.3,2000.0,3.7173357295989984,0.835
/pine/scr/s/i/siyangj/DAL96/MLmodels/m1535564681.523.h5,242.0,0.2,2000.0,3.859291877746582,0.8275
/pine/scr/s/i/siyangj/DAL96/MLmodels/m1535564681.523.h5,242.0,0.4,2000.0,3.8633211135864256,0.85
/pine/scr/s/i/siyangj/DAL96/MLmodels/m1535564681.476.h5,241.0,1.9,2000.0,4.017785091400146,0.8
/pine/scr/s/i/siyangj/DAL96/MLmodels/m1535564681.523.h5,242.0,0.1,2000.0,3.966237325668335,0.825
/pine/scr/s/i/siyangj/DAL96/MLmodels/m1535564681.476.h5,241.0,1.8,2000.0,4.0569707489013656,0.815
/pine/scr/s/i/siyangj/DAL96/MLmodels/m1535564683.471.h5,242.0,1.0,2000.0,3.9038820552825926,0.82
/pine/scr/s/i/siyangj/DAL96/MLmodels/m1535564683.471.h5,242.0,0.9,2000.0,3.893949279785156,0.82
/pine/scr/s/i/siyangj/DAL96/MLmodels/m1535564683.471.h5,242.0,0.7,2000.0,4.1046505165100085,0.8
/pine/scr/s/i/siyangj/DAL96/MLmodels/m1535564683.471.h5,242.0,0.8,2000.0,3.7661237621307375,0.805
/pine/scr/s/i/siyangj/DAL96/MLmodels/m1535564716.688.h5,242.0,2.0,2000.0,4.048838119506836,0.8275
/pine/scr/s/i/siyangj/DAL96/MLmodels/m1535564716.687.h5,242.0,1.9,2000.0,4.2620600318908695,0.785
/pine/scr/s/i/siyangj/DAL96/MLmodels/m1535564716.687.h5,242.0,1.8,2000.0,4.067412071228027,0.78
/pine/scr/s/i/siyangj/DAL96/MLmodels/m1535564716.687.h5,242.0,1.7,2000.0,3.9953035163879393,0.795
/pine/scr/s/i/siyangj/DAL96/MLmodels/m1535564719.608.h5,243.0,0.3,2000.0,3.414813213348389,0.8775
/pine/scr/s/i/siyangj/DAL96/MLmodels/m1535564719.742.h5,243.0,0.7,2000.0,3.5293050003051762,0.8725
/pine/scr/s/i/siyangj/DAL96/MLmodels/m1535564719.608.h5,243.0,0.2,2000.0,3.4432305908203125,0.8875
/pine/scr/s/i/siyangj/DAL96/MLmodels/m1535564719.742.h5,243.0,0.5,2000.0,3.371287651062012,0.875
/pine/scr/s/i/siyangj/DAL96/MLmodels/m1535564719.742.h5,243.0,0.6,2000.0,3.4703872871398924,0.87
/pine/scr/s/i/siyangj/DAL96/MLmodels/m1535564719.742.h5,243.0,0.4,2000.0,3.4769000148773195,0.8725
/pine/scr/s/i/siyangj/DAL96/MLmodels/m1535564656.659.h5,240.0,0.7,2000.0,3.866314868927002,0.825
/pine/scr/s/i/siyangj/DAL96/MLmodels/m1535564670.824.h5,240.0,0.8,2000.0,3.7581420516967774,0.835
/pine/scr/s/i/siyangj/DAL96/MLmodels/m1535564670.824.h5,240.0,1.0,2000.0,4.028618965148927,0.8425
/pine/scr/s/i/siyangj/DAL96/MLmodels/m1535564670.824.h5,240.0,0.9,2000.0,3.755018615722656,0.8225
/pine/scr/s/i/siyangj/DAL96/MLmodels/m1535564676.880.h5,240.0,1.4,2000.0,3.82739465713501,0.815
/pine/scr/s/i/siyangj/DAL96/MLmodels/m1535564676.880.h5,240.0,1.3,2000.0,3.7700984573364256,0.82
/pine/scr/s/i/siyangj/DAL96/MLmodels/m1535564676.880.h5,240.0,1.2,2000.0,3.839490966796875,0.835
/pine/scr/s/i/siyangj/DAL96/MLmodels/m1535564679.398.h5,241.0,0.1,2000.0,3.651737632751465,0.865
/pine/scr/s/i/siyangj/DAL96/MLmodels/m1535564679.398.h5,240.0,2.0,2000.0,4.028861217498779,0.825
/pine/scr/s/i/siyangj/DAL96/MLmodels/m1535564679.376.h5,240.0,1.7,2000.0,3.9689830017089838,0.81
/pine/scr/s/i/siyangj/DAL96/MLmodels/m1535564679.398.h5,241.0,0.0,2000.0,3.6068907356262208,0.8675
/pine/scr/s/i/siyangj/DAL96/MLmodels/m1535564679.375.h5,240.0,1.8,2000.0,3.963333377838135,0.805
/pine/scr/s/i/siyangj/DAL96/MLmodels/m1535564681.463.h5,241.0,0.5,2000.0,3.8071792411804197,0.85
/pine/scr/s/i/siyangj/DAL96/MLmodels/m1535564750.853.h5,243.0,1.0,2000.0,3.4237634754180912,0.835
/pine/scr/s/i/siyangj/DAL96/MLmodels/m1535564750.853.h5,243.0,0.9,2000.0,3.4438205718994133,0.835
/pine/scr/s/i/siyangj/DAL96/MLmodels/m1535564681.583.h5,241.0,1.3,2000.0,3.83254508972168,0.8225
/pine/scr/s/i/siyangj/DAL96/MLmodels/m1535564750.853.h5,243.0,0.8,2000.0,3.4255355834960937,0.835
/pine/scr/s/i/siyangj/DAL96/MLmodels/m1535564681.622.h5,241.0,1.7,2000.0,3.820372257232666,0.7875
/pine/scr/s/i/siyangj/DAL96/MLmodels/m1535564681.504.h5,241.0,0.7,2000.0,3.741291818618776,0.8375
/pine/scr/s/i/siyangj/DAL96/MLmodels/m1535564679.398.h5,240.0,1.9,2000.0,3.936519718170166,0.805
/pine/scr/s/i/siyangj/DAL96/MLmodels/m1535564679.375.h5,240.0,1.6,2000.0,3.886345691680908,0.805
/pine/scr/s/i/siyangj/DAL96/MLmodels/m1535564679.376.h5,240.0,1.5,2000.0,3.809875831604004,0.81
/pine/scr/s/i/siyangj/DAL96/MLmodels/m1535564681.463.h5,241.0,0.3,2000.0,3.7721491146087653,0.85
/pine/scr/s/i/siyangj/DAL96/MLmodels/m1535564681.622.h5,241.0,1.5,2000.0,3.844452180862427,0.8125
/pine/scr/s/i/siyangj/DAL96/MLmodels/m1535564681.583.h5,241.0,1.1,2000.0,3.855520725250244,0.8375
/pine/scr/s/i/siyangj/DAL96/MLmodels/m1535564681.463.h5,241.0,0.4,2000.0,3.711016788482666,0.845
/pine/scr/s/i/siyangj/DAL96/MLmodels/m1535564681.504.h5,241.0,0.9,2000.0,3.8007892036437987,0.84
/pine/scr/s/i/siyangj/DAL96/MLmodels/m1535564681.622.h5,241.0,1.4,2000.0,3.83552996635437,0.83
/pine/scr/s/i/siyangj/DAL96/MLmodels/m1535564684.239.h5,242.0,0.6,2000.0,4.129295177459717,0.8125
/pine/scr/s/i/siyangj/DAL96/MLmodels/m1535564685.343.h5,242.0,1.1,2000.0,3.9133416175842286,0.8025
/pine/scr/s/i/siyangj/DAL96/MLmodels/m1535564755.594.h5,243.0,1.5,2000.0,3.647077836990357,0.8075
/pine/scr/s/i/siyangj/DAL96/MLmodels/m1535564755.550.h5,243.0,1.9,2000.0,3.8735329437255865,0.8075
/pine/scr/s/i/siyangj/DAL96/MLmodels/m1535564686.329.h5,242.0,1.4,2000.0,3.9327329635620116,0.8125
/pine/scr/s/i/siyangj/DAL96/MLmodels/m1535564755.550.h5,243.0,1.8,2000.0,3.694390010833741,0.8025
/pine/scr/s/i/siyangj/DAL96/MLmodels/m1535564755.594.h5,243.0,1.2,2000.0,3.5586514854431166,0.8
/pine/scr/s/i/siyangj/DAL96/MLmodels/m1535564685.372.h5,242.0,1.2,2000.0,3.910811691284181,0.8225
/pine/scr/s/i/siyangj/DAL96/MLmodels/m1535564684.240.h5,242.0,0.5,2000.0,4.107051467895508,0.815
/pine/scr/s/i/siyangj/DAL96/MLmodels/m1535564755.550.h5,243.0,1.6,2000.0,3.6475341320037837,0.7925
/pine/scr/s/i/siyangj/DAL96/MLmodels/m1535564687.489.h5,242.0,1.5,2000.0,4.231196250915526,0.8175
/pine/scr/s/i/siyangj/DAL96/MLmodels/m1535564785.772.h5,244.0,1.0,2000.0,3.82098708152771,0.8225
/pine/scr/s/i/siyangj/DAL96/MLmodels/m1535564785.772.h5,244.0,0.7,2000.0,3.657503490447998,0.81
/pine/scr/s/i/siyangj/DAL96/MLmodels/m1535564790.728.h5,244.0,2.0,2000.0,4.089168214797974,0.805
/pine/scr/s/i/siyangj/DAL96/MLmodels/m1535564790.728.h5,244.0,1.9,2000.0,4.028839282989502,0.815
/pine/scr/s/i/siyangj/DAL96/MLmodels/m1535564761.767.h5,243.0,2.0,2000.0,3.858272256851196,0.7925
/pine/scr/s/i/siyangj/DAL96/MLmodels/m1535564779.884.h5,244.0,0.2,2000.0,3.52410436630249,0.8425
/pine/scr/s/i/siyangj/DAL96/MLmodels/m1535564779.884.h5,244.0,0.0,2000.0,3.614510555267334,0.84
/pine/scr/s/i/siyangj/DAL96/MLmodels/m1535564785.937.h5,244.0,0.6,2000.0,3.4973613166809083,0.815
/pine/scr/s/i/siyangj/DAL96/MLmodels/m1535564785.937.h5,244.0,0.5,2000.0,3.5597097110748286,0.8375
/pine/scr/s/i/siyangj/DAL96/MLmodels/m1535564785.937.h5,244.0,0.3,2000.0,3.473245849609375,0.8425
/pine/scr/s/i/siyangj/DAL96/MLmodels/m1535564789.548.h5,244.0,1.8,2000.0,3.9359942054748536,0.8225
/pine/scr/s/i/siyangj/DAL96/MLmodels/m1535564789.082.h5,244.0,1.6,2000.0,3.771007595062256,0.8225
/pine/scr/s/i/siyangj/DAL96/MLmodels/m1535564788.889.h5,244.0,1.3,2000.0,3.6938829040527343,0.8
/pine/scr/s/i/siyangj/DAL96/MLmodels/m1535564788.889.h5,244.0,1.2,2000.0,3.715810899734497,0.8275
/pine/scr/s/i/siyangj/DAL96/MLmodels/m1535564789.081.h5,244.0,1.7,2000.0,3.831046705245972,0.8375
/pine/scr/s/i/siyangj/DAL96/MLmodels/m1535564789.537.h5,244.0,1.4,2000.0,3.961195945739746,0.81
5
